{
  "triggers": [],
  "properties": {},
  "tags": [],
  "_links": "{}",
  "jobAuthorizationScope": "projectCollection",
  "jobTimeoutInMinutes": 60,
  "jobCancelTimeoutInMinutes": 5,
  "badgeEnabled": true,
  "process": {
    "yamlFilename": "multistages-azure-pipelines.yml",
    "type": 2
  },
  "repository": {
    "properties": {
      "cloneUrl": "https://hinault@dev.azure.com/hinault/FormationLinkedIn/_git/SpaceGame",
      "fullName": "SpaceGame",
      "defaultBranch": "refs/heads/master",
      "isFork": "False",
      "safeRepository": "92866873-a0cf-41bd-8784-f3bd6cb358e8",
      "reportBuildStatus": "true"
    },
    "id": "92866873-a0cf-41bd-8784-f3bd6cb358e8",
    "type": "TfsGit",
    "name": "SpaceGame",
    "url": "https://$Organization$@dev.azure.com/$Organization$/$ProjectName$/_git/SpaceGame",
    "defaultBranch": "refs/heads/master",
    "clean": null,
    "checkoutSubmodules": false
  },
  "quality": "definition",
  "authoredBy": "{}",
  "drafts": [],
  "queue": {
    "_links": {
      "self": {
        "href": "https://dev.azure.com/$Organization$/_apis/build/Queues/$Hosted Ubuntu 1604$"
      }
    },
    "id": "$Hosted Ubuntu 1604$",
    "name": "Hosted Ubuntu 1604",
    "url": "https://dev.azure.com/$Organization$/_apis/build/Queues/$Hosted Ubuntu 1604$",
    "pool": {
      "id": "",
      "name": "Hosted Ubuntu 1604",
      "isHosted": true
    }
  },
  "id": "",
  "name": "Deploy-SpaceGame",
  "url": "",
  "uri": "",
  "path": "\\",
  "type": "build",
  "queueStatus": "enabled",
  "revision": 2,
  "createdDate": "",
  "project": "{}"
}