{
  "count": 2,
  "value": [
    {
      "id": 370,
      "rev": 4,
      "fields": {
        "System.AreaPath": "FormationLinkedIn",
        "System.TeamProject": "FormationLinkedIn",
        "System.IterationPath": "FormationLinkedIn",
        "System.WorkItemType": "Epic",
        "System.State": "New",
        "System.Reason": "New",
        "System.CreatedDate": "2020-11-12T12:05:06.42Z",
        "System.CreatedBy": "Hinault Donfack <hinault.donfack@outlook.fr>",
        "System.ChangedDate": "2020-11-30T23:12:35.083Z",
        "System.ChangedBy": "Hinault Donfack <hinault.donfack@outlook.fr>",
        "System.Title": "Services Web",
        "Microsoft.VSTS.Scheduling.Effort": 0.0,
        "System.Description": null,
        "System.AssignedTo": null,
        "Microsoft.VSTS.Scheduling.RemainingWork": 0.0,
        "Microsoft.VSTS.Common.Priority": 2.0,
        "System.BoardLane": null,
        "System.Tags": null,
        "Microsoft.VSTS.TCM.Steps": null,
        "Microsoft.VSTS.TCM.Parameters": null,
        "Microsoft.VSTS.TCM.LocalDataSource": null,
        "Microsoft.VSTS.TCM.AutomationStatus": null,
        "System.History": null
      },
      "relations": null,
      "url": "https://dev.azure.com/hinault/_apis/wit/workItems/370"
    },
    {
      "id": 369,
      "rev": 3,
      "fields": {
        "System.AreaPath": "FormationLinkedIn",
        "System.TeamProject": "FormationLinkedIn",
        "System.IterationPath": "FormationLinkedIn",
        "System.WorkItemType": "Epic",
        "System.State": "New",
        "System.Reason": "New",
        "System.CreatedDate": "2020-11-12T12:04:20.617Z",
        "System.CreatedBy": "Hinault Donfack <hinault.donfack@outlook.fr>",
        "System.ChangedDate": "2020-11-30T23:12:35.083Z",
        "System.ChangedBy": "Hinault Donfack <hinault.donfack@outlook.fr>",
        "System.Title": "Client Web",
        "Microsoft.VSTS.Scheduling.Effort": 0.0,
        "System.Description": null,
        "System.AssignedTo": null,
        "Microsoft.VSTS.Scheduling.RemainingWork": 0.0,
        "Microsoft.VSTS.Common.Priority": 2.0,
        "System.BoardLane": null,
        "System.Tags": null,
        "Microsoft.VSTS.TCM.Steps": null,
        "Microsoft.VSTS.TCM.Parameters": null,
        "Microsoft.VSTS.TCM.LocalDataSource": null,
        "Microsoft.VSTS.TCM.AutomationStatus": null,
        "System.History": null
      },
      "relations": [
        {
          "rel": "System.LinkTypes.Hierarchy-Forward",
          "url": "https://dev.azure.com/hinault/_apis/wit/workItems/516",
          "attributes": {
            "isLocked": "false",
            "name": "Child"
          }
        },
        {
          "rel": "System.LinkTypes.Hierarchy-Forward",
          "url": "https://dev.azure.com/hinault/_apis/wit/workItems/515",
          "attributes": {
            "isLocked": "false",
            "name": "Child"
          }
        },
        {
          "rel": "System.LinkTypes.Hierarchy-Forward",
          "url": "https://dev.azure.com/hinault/_apis/wit/workItems/517",
          "attributes": {
            "isLocked": "false",
            "name": "Child"
          }
        }
      ],
      "url": "https://dev.azure.com/hinault/_apis/wit/workItems/369"
    }
  ],
  "HttpStatusCode": 0,
  "Message": null
}