{
  "count": 3,
  "value": [
    {
      "id": 517,
      "rev": 5,
      "fields": {
        "System.AreaPath": "$ProjectName$\\Equipe Web",
        "System.TeamProject": "FormationLinkedIn",
        "System.IterationPath": "FormationLinkedIn",
        "System.WorkItemType": "Feature",
        "System.State": "New",
        "System.Reason": "New",
        "System.CreatedDate": "2020-11-12T12:40:30.073Z",
        "System.CreatedBy": "Hinault Donfack <hinault.donfack@outlook.fr>",
        "System.ChangedDate": "2020-11-30T23:12:55.15Z",
        "System.ChangedBy": "Hinault Donfack <hinault.donfack@outlook.fr>",
        "System.Title": "Accueil Web",
        "Microsoft.VSTS.Scheduling.Effort": 0.0,
        "System.Description": null,
        "System.AssignedTo": null,
        "Microsoft.VSTS.Scheduling.RemainingWork": 0.0,
        "Microsoft.VSTS.Common.Priority": 2.0,
        "System.BoardLane": null,
        "System.Tags": null,
        "Microsoft.VSTS.TCM.Steps": null,
        "Microsoft.VSTS.TCM.Parameters": null,
        "Microsoft.VSTS.TCM.LocalDataSource": null,
        "Microsoft.VSTS.TCM.AutomationStatus": null,
        "System.History": null
      },
      "relations": [
        {
          "rel": "System.LinkTypes.Hierarchy-Reverse",
          "url": "https://dev.azure.com/hinault/_apis/wit/workItems/369",
          "attributes": {
            "isLocked": "false",
            "name": "Parent"
          }
        }
      ],
      "url": "https://dev.azure.com/hinault/_apis/wit/workItems/517"
    },
    {
      "id": 516,
      "rev": 7,
      "fields": {
        "System.AreaPath": "$ProjectName$\\Equipe Web",
        "System.TeamProject": "FormationLinkedIn",
        "System.IterationPath": "FormationLinkedIn",
        "System.WorkItemType": "Feature",
        "System.State": "Active",
        "System.Reason": "Implementation started",
        "System.CreatedDate": "2020-11-12T12:39:08.92Z",
        "System.CreatedBy": "Hinault Donfack <hinault.donfack@outlook.fr>",
        "System.ChangedDate": "2020-11-30T23:12:55.15Z",
        "System.ChangedBy": "Hinault Donfack <hinault.donfack@outlook.fr>",
        "System.Title": "Authentification Web",
        "Microsoft.VSTS.Scheduling.Effort": 0.0,
        "System.Description": null,
        "System.AssignedTo": "Hinault Donfack <hinault.donfack@outlook.fr>",
        "Microsoft.VSTS.Scheduling.RemainingWork": 0.0,
        "Microsoft.VSTS.Common.Priority": 2.0,
        "System.BoardLane": null,
        "System.Tags": null,
        "Microsoft.VSTS.TCM.Steps": null,
        "Microsoft.VSTS.TCM.Parameters": null,
        "Microsoft.VSTS.TCM.LocalDataSource": null,
        "Microsoft.VSTS.TCM.AutomationStatus": null,
        "System.History": null
      },
      "relations": [
        {
          "rel": "System.LinkTypes.Hierarchy-Forward",
          "url": "https://dev.azure.com/hinault/_apis/wit/workItems/524",
          "attributes": {
            "isLocked": "false",
            "name": "Child"
          }
        },
        {
          "rel": "System.LinkTypes.Hierarchy-Forward",
          "url": "https://dev.azure.com/hinault/_apis/wit/workItems/523",
          "attributes": {
            "isLocked": "false",
            "name": "Child"
          }
        },
        {
          "rel": "System.LinkTypes.Hierarchy-Reverse",
          "url": "https://dev.azure.com/hinault/_apis/wit/workItems/369",
          "attributes": {
            "isLocked": "false",
            "name": "Parent"
          }
        },
        {
          "rel": "System.LinkTypes.Hierarchy-Forward",
          "url": "https://dev.azure.com/hinault/_apis/wit/workItems/526",
          "attributes": {
            "isLocked": "false",
            "name": "Child"
          }
        },
        {
          "rel": "System.LinkTypes.Hierarchy-Forward",
          "url": "https://dev.azure.com/hinault/_apis/wit/workItems/525",
          "attributes": {
            "isLocked": "false",
            "name": "Child"
          }
        }
      ],
      "url": "https://dev.azure.com/hinault/_apis/wit/workItems/516"
    },
    {
      "id": 515,
      "rev": 5,
      "fields": {
        "System.AreaPath": "$ProjectName$\\Equipe Web",
        "System.TeamProject": "FormationLinkedIn",
        "System.IterationPath": "FormationLinkedIn",
        "System.WorkItemType": "Feature",
        "System.State": "New",
        "System.Reason": "New",
        "System.CreatedDate": "2020-11-12T12:26:40.983Z",
        "System.CreatedBy": "Hinault Donfack <hinault.donfack@outlook.fr>",
        "System.ChangedDate": "2020-11-30T23:12:55.15Z",
        "System.ChangedBy": "Hinault Donfack <hinault.donfack@outlook.fr>",
        "System.Title": "Enregistrement d'un utilisateur via le web",
        "Microsoft.VSTS.Scheduling.Effort": 0.0,
        "System.Description": null,
        "System.AssignedTo": null,
        "Microsoft.VSTS.Scheduling.RemainingWork": 0.0,
        "Microsoft.VSTS.Common.Priority": 2.0,
        "System.BoardLane": null,
        "System.Tags": null,
        "Microsoft.VSTS.TCM.Steps": null,
        "Microsoft.VSTS.TCM.Parameters": null,
        "Microsoft.VSTS.TCM.LocalDataSource": null,
        "Microsoft.VSTS.TCM.AutomationStatus": null,
        "System.History": null
      },
      "relations": [
        {
          "rel": "System.LinkTypes.Hierarchy-Forward",
          "url": "https://dev.azure.com/hinault/_apis/wit/workItems/527",
          "attributes": {
            "isLocked": "false",
            "name": "Child"
          }
        },
        {
          "rel": "System.LinkTypes.Hierarchy-Forward",
          "url": "https://dev.azure.com/hinault/_apis/wit/workItems/528",
          "attributes": {
            "isLocked": "false",
            "name": "Child"
          }
        },
        {
          "rel": "System.LinkTypes.Hierarchy-Reverse",
          "url": "https://dev.azure.com/hinault/_apis/wit/workItems/369",
          "attributes": {
            "isLocked": "false",
            "name": "Parent"
          }
        }
      ],
      "url": "https://dev.azure.com/hinault/_apis/wit/workItems/515"
    }
  ],
  "HttpStatusCode": 0,
  "Message": null
}