{
  "count": 9,
  "value": [
    {
      "id": 538,
      "rev": 6,
      "fields": {
        "System.AreaPath": "$ProjectName$\\Equipe Web",
        "System.TeamProject": "FormationLinkedIn",
        "System.IterationPath": "$ProjectName$\\Itération 1",
        "System.WorkItemType": "Task",
        "System.State": "Closed",
        "System.Reason": "Completed",
        "System.CreatedDate": "2020-11-28T14:39:40.923Z",
        "System.CreatedBy": "Hinault Donfack <hinault.donfack@outlook.fr>",
        "System.ChangedDate": "2020-11-28T17:32:34.253Z",
        "System.ChangedBy": "Hinault Donfack <hinault.donfack@outlook.fr>",
        "System.Title": "Tests",
        "Microsoft.VSTS.Scheduling.Effort": 0.0,
        "System.Description": null,
        "System.AssignedTo": null,
        "Microsoft.VSTS.Scheduling.RemainingWork": 0.0,
        "Microsoft.VSTS.Common.Priority": 2.0,
        "System.BoardLane": null,
        "System.Tags": null,
        "Microsoft.VSTS.TCM.Steps": null,
        "Microsoft.VSTS.TCM.Parameters": null,
        "Microsoft.VSTS.TCM.LocalDataSource": null,
        "Microsoft.VSTS.TCM.AutomationStatus": null,
        "System.History": "Completing Pull Request 9 and the associated work items."
      },
      "relations": [
        {
          "rel": "System.LinkTypes.Hierarchy-Reverse",
          "url": "https://dev.azure.com/hinault/_apis/wit/workItems/523",
          "attributes": {
            "isLocked": "false",
            "name": "Parent"
          }
        },
        {
          "rel": "ArtifactLink",
          "url": "vstfs:///Git/Commit/a5d87a84-6823-4b28-aebb-d8cf2e05162f%2f784915be-83f9-4d55-8c4b-a9d8e39a3bcf%2fe788275ed218a82f0e292870b72520167dbed9e7",
          "attributes": {
            "authorizedDate": "2020-11-28T17:32:34.047Z",
            "id": "5723031",
            "resourceCreatedDate": "2020-11-28T17:32:34.047Z",
            "resourceModifiedDate": "2020-11-28T17:32:34.047Z",
            "revisedDate": "9999-01-01T00:00:00Z",
            "name": "Fixed in Commit"
          }
        },
        {
          "rel": "ArtifactLink",
          "url": "vstfs:///Git/PullRequestId/a5d87a84-6823-4b28-aebb-d8cf2e05162f%2F784915be-83f9-4d55-8c4b-a9d8e39a3bcf%2F9",
          "attributes": {
            "authorizedDate": "2020-11-28T17:30:14.043Z",
            "id": "5723028",
            "resourceCreatedDate": "2020-11-28T17:30:14.043Z",
            "resourceModifiedDate": "2020-11-28T17:30:14.043Z",
            "revisedDate": "9999-01-01T00:00:00Z",
            "name": "Pull Request"
          }
        }
      ],
      "url": "https://dev.azure.com/hinault/_apis/wit/workItems/538"
    },
    {
      "id": 537,
      "rev": 5,
      "fields": {
        "System.AreaPath": "$ProjectName$\\Equipe Web",
        "System.TeamProject": "FormationLinkedIn",
        "System.IterationPath": "$ProjectName$\\Itération 1",
        "System.WorkItemType": "Task",
        "System.State": "New",
        "System.Reason": "New",
        "System.CreatedDate": "2020-11-27T13:04:54.15Z",
        "System.CreatedBy": "Hinault Donfack <hinault.donfack@outlook.fr>",
        "System.ChangedDate": "2020-11-28T14:31:25.013Z",
        "System.ChangedBy": "Hinault Donfack <hinault.donfack@outlook.fr>",
        "System.Title": "Tests",
        "Microsoft.VSTS.Scheduling.Effort": 0.0,
        "System.Description": null,
        "System.AssignedTo": "hdonfack <hdonfack@cofomo.com>",
        "Microsoft.VSTS.Scheduling.RemainingWork": 10.0,
        "Microsoft.VSTS.Common.Priority": 2.0,
        "System.BoardLane": null,
        "System.Tags": null,
        "Microsoft.VSTS.TCM.Steps": null,
        "Microsoft.VSTS.TCM.Parameters": null,
        "Microsoft.VSTS.TCM.LocalDataSource": null,
        "Microsoft.VSTS.TCM.AutomationStatus": null,
        "System.History": null
      },
      "relations": [
        {
          "rel": "System.LinkTypes.Hierarchy-Reverse",
          "url": "https://dev.azure.com/hinault/_apis/wit/workItems/524",
          "attributes": {
            "isLocked": "false",
            "name": "Parent"
          }
        }
      ],
      "url": "https://dev.azure.com/hinault/_apis/wit/workItems/537"
    },
    {
      "id": 536,
      "rev": 4,
      "fields": {
        "System.AreaPath": "$ProjectName$\\Equipe Web",
        "System.TeamProject": "FormationLinkedIn",
        "System.IterationPath": "$ProjectName$\\Itération 1",
        "System.WorkItemType": "Task",
        "System.State": "New",
        "System.Reason": "New",
        "System.CreatedDate": "2020-11-27T13:04:50.457Z",
        "System.CreatedBy": "Hinault Donfack <hinault.donfack@outlook.fr>",
        "System.ChangedDate": "2020-11-28T14:31:19.847Z",
        "System.ChangedBy": "Hinault Donfack <hinault.donfack@outlook.fr>",
        "System.Title": "Documentation",
        "Microsoft.VSTS.Scheduling.Effort": 0.0,
        "System.Description": null,
        "System.AssignedTo": null,
        "Microsoft.VSTS.Scheduling.RemainingWork": 10.0,
        "Microsoft.VSTS.Common.Priority": 2.0,
        "System.BoardLane": null,
        "System.Tags": null,
        "Microsoft.VSTS.TCM.Steps": null,
        "Microsoft.VSTS.TCM.Parameters": null,
        "Microsoft.VSTS.TCM.LocalDataSource": null,
        "Microsoft.VSTS.TCM.AutomationStatus": null,
        "System.History": null
      },
      "relations": [
        {
          "rel": "System.LinkTypes.Hierarchy-Reverse",
          "url": "https://dev.azure.com/hinault/_apis/wit/workItems/524",
          "attributes": {
            "isLocked": "false",
            "name": "Parent"
          }
        }
      ],
      "url": "https://dev.azure.com/hinault/_apis/wit/workItems/536"
    },
    {
      "id": 535,
      "rev": 5,
      "fields": {
        "System.AreaPath": "$ProjectName$\\Equipe Web",
        "System.TeamProject": "FormationLinkedIn",
        "System.IterationPath": "$ProjectName$\\Itération 1",
        "System.WorkItemType": "Task",
        "System.State": "New",
        "System.Reason": "New",
        "System.CreatedDate": "2020-11-27T13:04:43.827Z",
        "System.CreatedBy": "Hinault Donfack <hinault.donfack@outlook.fr>",
        "System.ChangedDate": "2020-11-28T14:31:14.49Z",
        "System.ChangedBy": "Hinault Donfack <hinault.donfack@outlook.fr>",
        "System.Title": "Développement ",
        "Microsoft.VSTS.Scheduling.Effort": 0.0,
        "System.Description": null,
        "System.AssignedTo": "Hinault Donfack <hinault.donfack@outlook.fr>",
        "Microsoft.VSTS.Scheduling.RemainingWork": 20.0,
        "Microsoft.VSTS.Common.Priority": 2.0,
        "System.BoardLane": null,
        "System.Tags": null,
        "Microsoft.VSTS.TCM.Steps": null,
        "Microsoft.VSTS.TCM.Parameters": null,
        "Microsoft.VSTS.TCM.LocalDataSource": null,
        "Microsoft.VSTS.TCM.AutomationStatus": null,
        "System.History": null
      },
      "relations": [
        {
          "rel": "System.LinkTypes.Hierarchy-Reverse",
          "url": "https://dev.azure.com/hinault/_apis/wit/workItems/524",
          "attributes": {
            "isLocked": "false",
            "name": "Parent"
          }
        }
      ],
      "url": "https://dev.azure.com/hinault/_apis/wit/workItems/535"
    },
    {
      "id": 534,
      "rev": 6,
      "fields": {
        "System.AreaPath": "$ProjectName$\\Equipe Web",
        "System.TeamProject": "FormationLinkedIn",
        "System.IterationPath": "$ProjectName$\\Itération 1",
        "System.WorkItemType": "Task",
        "System.State": "New",
        "System.Reason": "New",
        "System.CreatedDate": "2020-11-27T13:04:31.103Z",
        "System.CreatedBy": "Hinault Donfack <hinault.donfack@outlook.fr>",
        "System.ChangedDate": "2020-11-28T14:31:08.93Z",
        "System.ChangedBy": "Hinault Donfack <hinault.donfack@outlook.fr>",
        "System.Title": "Analyse",
        "Microsoft.VSTS.Scheduling.Effort": 0.0,
        "System.Description": null,
        "System.AssignedTo": "hdonfack <hdonfack@cofomo.com>",
        "Microsoft.VSTS.Scheduling.RemainingWork": 10.0,
        "Microsoft.VSTS.Common.Priority": 2.0,
        "System.BoardLane": null,
        "System.Tags": null,
        "Microsoft.VSTS.TCM.Steps": null,
        "Microsoft.VSTS.TCM.Parameters": null,
        "Microsoft.VSTS.TCM.LocalDataSource": null,
        "Microsoft.VSTS.TCM.AutomationStatus": null,
        "System.History": null
      },
      "relations": [
        {
          "rel": "System.LinkTypes.Hierarchy-Reverse",
          "url": "https://dev.azure.com/hinault/_apis/wit/workItems/524",
          "attributes": {
            "isLocked": "false",
            "name": "Parent"
          }
        }
      ],
      "url": "https://dev.azure.com/hinault/_apis/wit/workItems/534"
    },
    {
      "id": 532,
      "rev": 4,
      "fields": {
        "System.AreaPath": "$ProjectName$\\Equipe Web",
        "System.TeamProject": "FormationLinkedIn",
        "System.IterationPath": "$ProjectName$\\Itération 1",
        "System.WorkItemType": "Task",
        "System.State": "New",
        "System.Reason": "New",
        "System.CreatedDate": "2020-11-27T12:25:07.26Z",
        "System.CreatedBy": "Hinault Donfack <hinault.donfack@outlook.fr>",
        "System.ChangedDate": "2020-11-28T14:30:52.813Z",
        "System.ChangedBy": "Hinault Donfack <hinault.donfack@outlook.fr>",
        "System.Title": "Tests",
        "Microsoft.VSTS.Scheduling.Effort": 0.0,
        "System.Description": null,
        "System.AssignedTo": "hdonfack <hdonfack@cofomo.com>",
        "Microsoft.VSTS.Scheduling.RemainingWork": 20.0,
        "Microsoft.VSTS.Common.Priority": 2.0,
        "System.BoardLane": null,
        "System.Tags": null,
        "Microsoft.VSTS.TCM.Steps": null,
        "Microsoft.VSTS.TCM.Parameters": null,
        "Microsoft.VSTS.TCM.LocalDataSource": null,
        "Microsoft.VSTS.TCM.AutomationStatus": null,
        "System.History": null
      },
      "relations": [
        {
          "rel": "System.LinkTypes.Hierarchy-Reverse",
          "url": "https://dev.azure.com/hinault/_apis/wit/workItems/525",
          "attributes": {
            "isLocked": "false",
            "name": "Parent"
          }
        }
      ],
      "url": "https://dev.azure.com/hinault/_apis/wit/workItems/532"
    },
    {
      "id": 531,
      "rev": 3,
      "fields": {
        "System.AreaPath": "$ProjectName$\\Equipe Web",
        "System.TeamProject": "FormationLinkedIn",
        "System.IterationPath": "$ProjectName$\\Itération 1",
        "System.WorkItemType": "Task",
        "System.State": "New",
        "System.Reason": "New",
        "System.CreatedDate": "2020-11-27T12:25:01.863Z",
        "System.CreatedBy": "Hinault Donfack <hinault.donfack@outlook.fr>",
        "System.ChangedDate": "2020-11-28T14:30:47.753Z",
        "System.ChangedBy": "Hinault Donfack <hinault.donfack@outlook.fr>",
        "System.Title": "Documentation",
        "Microsoft.VSTS.Scheduling.Effort": 0.0,
        "System.Description": null,
        "System.AssignedTo": null,
        "Microsoft.VSTS.Scheduling.RemainingWork": 20.0,
        "Microsoft.VSTS.Common.Priority": 2.0,
        "System.BoardLane": null,
        "System.Tags": null,
        "Microsoft.VSTS.TCM.Steps": null,
        "Microsoft.VSTS.TCM.Parameters": null,
        "Microsoft.VSTS.TCM.LocalDataSource": null,
        "Microsoft.VSTS.TCM.AutomationStatus": null,
        "System.History": null
      },
      "relations": [
        {
          "rel": "System.LinkTypes.Hierarchy-Reverse",
          "url": "https://dev.azure.com/hinault/_apis/wit/workItems/525",
          "attributes": {
            "isLocked": "false",
            "name": "Parent"
          }
        }
      ],
      "url": "https://dev.azure.com/hinault/_apis/wit/workItems/531"
    },
    {
      "id": 530,
      "rev": 6,
      "fields": {
        "System.AreaPath": "$ProjectName$\\Equipe Web",
        "System.TeamProject": "FormationLinkedIn",
        "System.IterationPath": "$ProjectName$\\Itération 1",
        "System.WorkItemType": "Task",
        "System.State": "New",
        "System.Reason": "New",
        "System.CreatedDate": "2020-11-27T12:24:52.947Z",
        "System.CreatedBy": "Hinault Donfack <hinault.donfack@outlook.fr>",
        "System.ChangedDate": "2020-11-28T14:30:43.193Z",
        "System.ChangedBy": "Hinault Donfack <hinault.donfack@outlook.fr>",
        "System.Title": "Développement ",
        "Microsoft.VSTS.Scheduling.Effort": 0.0,
        "System.Description": null,
        "System.AssignedTo": "Hinault Donfack <hinault.donfack@outlook.fr>",
        "Microsoft.VSTS.Scheduling.RemainingWork": 20.0,
        "Microsoft.VSTS.Common.Priority": 2.0,
        "System.BoardLane": null,
        "System.Tags": null,
        "Microsoft.VSTS.TCM.Steps": null,
        "Microsoft.VSTS.TCM.Parameters": null,
        "Microsoft.VSTS.TCM.LocalDataSource": null,
        "Microsoft.VSTS.TCM.AutomationStatus": null,
        "System.History": null
      },
      "relations": [
        {
          "rel": "System.LinkTypes.Hierarchy-Reverse",
          "url": "https://dev.azure.com/hinault/_apis/wit/workItems/525",
          "attributes": {
            "isLocked": "false",
            "name": "Parent"
          }
        }
      ],
      "url": "https://dev.azure.com/hinault/_apis/wit/workItems/530"
    },
    {
      "id": 529,
      "rev": 5,
      "fields": {
        "System.AreaPath": "$ProjectName$\\Equipe Web",
        "System.TeamProject": "FormationLinkedIn",
        "System.IterationPath": "$ProjectName$\\Itération 1",
        "System.WorkItemType": "Task",
        "System.State": "Closed",
        "System.Reason": "Completed",
        "System.CreatedDate": "2020-11-27T12:24:38.753Z",
        "System.CreatedBy": "Hinault Donfack <hinault.donfack@outlook.fr>",
        "System.ChangedDate": "2020-11-28T14:30:57.377Z",
        "System.ChangedBy": "Hinault Donfack <hinault.donfack@outlook.fr>",
        "System.Title": "Analyse",
        "Microsoft.VSTS.Scheduling.Effort": 0.0,
        "System.Description": null,
        "System.AssignedTo": "Hinault Donfack <hinault.donfack@outlook.fr>",
        "Microsoft.VSTS.Scheduling.RemainingWork": 0.0,
        "Microsoft.VSTS.Common.Priority": 2.0,
        "System.BoardLane": null,
        "System.Tags": null,
        "Microsoft.VSTS.TCM.Steps": null,
        "Microsoft.VSTS.TCM.Parameters": null,
        "Microsoft.VSTS.TCM.LocalDataSource": null,
        "Microsoft.VSTS.TCM.AutomationStatus": null,
        "System.History": null
      },
      "relations": [
        {
          "rel": "System.LinkTypes.Hierarchy-Reverse",
          "url": "https://dev.azure.com/hinault/_apis/wit/workItems/525",
          "attributes": {
            "isLocked": "false",
            "name": "Parent"
          }
        }
      ],
      "url": "https://dev.azure.com/hinault/_apis/wit/workItems/529"
    }
  ],
  "HttpStatusCode": 0,
  "Message": null
}