{
  "count": 6,
  "value": [
    {
      "id": 525,
      "rev": 7,
      "fields": {
        "System.AreaPath": "$ProjectName$\\Equipe Web",
        "System.TeamProject": "FormationLinkedIn",
        "System.IterationPath": "$ProjectName$\\Itération 1",
        "System.WorkItemType": "User Story",
        "System.State": "Active",
        "System.Reason": "Implementation started",
        "System.CreatedDate": "2020-11-27T10:20:59.493Z",
        "System.CreatedBy": "Hinault Donfack <hinault.donfack@outlook.fr>",
        "System.ChangedDate": "2020-11-28T14:30:08.347Z",
        "System.ChangedBy": "Hinault Donfack <hinault.donfack@outlook.fr>",
        "System.Title": "En tant qu'utilisateur, je veux m'authentifier avec mon compte Facebook afin d'accéder à l'application",
        "Microsoft.VSTS.Scheduling.Effort": 0.0,
        "System.Description": null,
        "System.AssignedTo": "Hinault Donfack <hinault.donfack@outlook.fr>",
        "Microsoft.VSTS.Scheduling.RemainingWork": 0.0,
        "Microsoft.VSTS.Common.Priority": 2.0,
        "System.BoardLane": null,
        "System.Tags": null,
        "Microsoft.VSTS.TCM.Steps": null,
        "Microsoft.VSTS.TCM.Parameters": null,
        "Microsoft.VSTS.TCM.LocalDataSource": null,
        "Microsoft.VSTS.TCM.AutomationStatus": null,
        "System.History": null
      },
      "relations": [
        {
          "rel": "System.LinkTypes.Hierarchy-Forward",
          "url": "https://dev.azure.com/hinault/_apis/wit/workItems/533",
          "attributes": {
            "isLocked": "false",
            "name": "Child"
          }
        },
        {
          "rel": "System.LinkTypes.Hierarchy-Reverse",
          "url": "https://dev.azure.com/hinault/_apis/wit/workItems/516",
          "attributes": {
            "isLocked": "false",
            "name": "Parent"
          }
        },
        {
          "rel": "System.LinkTypes.Hierarchy-Forward",
          "url": "https://dev.azure.com/hinault/_apis/wit/workItems/531",
          "attributes": {
            "isLocked": "false",
            "name": "Child"
          }
        },
        {
          "rel": "System.LinkTypes.Hierarchy-Forward",
          "url": "https://dev.azure.com/hinault/_apis/wit/workItems/529",
          "attributes": {
            "isLocked": "false",
            "name": "Child"
          }
        },
        {
          "rel": "System.LinkTypes.Hierarchy-Forward",
          "url": "https://dev.azure.com/hinault/_apis/wit/workItems/532",
          "attributes": {
            "isLocked": "false",
            "name": "Child"
          }
        },
        {
          "rel": "System.LinkTypes.Hierarchy-Forward",
          "url": "https://dev.azure.com/hinault/_apis/wit/workItems/530",
          "attributes": {
            "isLocked": "false",
            "name": "Child"
          }
        }
      ],
      "url": "https://dev.azure.com/hinault/_apis/wit/workItems/525"
    },
    {
      "id": 524,
      "rev": 9,
      "fields": {
        "System.AreaPath": "$ProjectName$\\Equipe Web",
        "System.TeamProject": "FormationLinkedIn",
        "System.IterationPath": "$ProjectName$\\Itération 1",
        "System.WorkItemType": "User Story",
        "System.State": "Active",
        "System.Reason": "Implementation started",
        "System.CreatedDate": "2020-11-27T10:20:19.587Z",
        "System.CreatedBy": "Hinault Donfack <hinault.donfack@outlook.fr>",
        "System.ChangedDate": "2020-11-28T14:34:52.197Z",
        "System.ChangedBy": "Hinault Donfack <hinault.donfack@outlook.fr>",
        "System.Title": "En tant qu'utilisateur, je veux m'authentifier avec mon compte Microsoft afin d'accéder à l'application",
        "Microsoft.VSTS.Scheduling.Effort": 0.0,
        "System.Description": null,
        "System.AssignedTo": "Hinault Donfack <hinault.donfack@outlook.fr>",
        "Microsoft.VSTS.Scheduling.RemainingWork": 0.0,
        "Microsoft.VSTS.Common.Priority": 2.0,
        "System.BoardLane": null,
        "System.Tags": null,
        "Microsoft.VSTS.TCM.Steps": null,
        "Microsoft.VSTS.TCM.Parameters": null,
        "Microsoft.VSTS.TCM.LocalDataSource": null,
        "Microsoft.VSTS.TCM.AutomationStatus": null,
        "System.History": null
      },
      "relations": [
        {
          "rel": "System.LinkTypes.Hierarchy-Forward",
          "url": "https://dev.azure.com/hinault/_apis/wit/workItems/536",
          "attributes": {
            "isLocked": "false",
            "name": "Child"
          }
        },
        {
          "rel": "System.LinkTypes.Hierarchy-Forward",
          "url": "https://dev.azure.com/hinault/_apis/wit/workItems/535",
          "attributes": {
            "isLocked": "false",
            "name": "Child"
          }
        },
        {
          "rel": "System.LinkTypes.Hierarchy-Reverse",
          "url": "https://dev.azure.com/hinault/_apis/wit/workItems/516",
          "attributes": {
            "isLocked": "false",
            "name": "Parent"
          }
        },
        {
          "rel": "System.LinkTypes.Hierarchy-Forward",
          "url": "https://dev.azure.com/hinault/_apis/wit/workItems/534",
          "attributes": {
            "isLocked": "false",
            "name": "Child"
          }
        },
        {
          "rel": "System.LinkTypes.Hierarchy-Forward",
          "url": "https://dev.azure.com/hinault/_apis/wit/workItems/537",
          "attributes": {
            "isLocked": "false",
            "name": "Child"
          }
        }
      ],
      "url": "https://dev.azure.com/hinault/_apis/wit/workItems/524"
    },
    {
      "id": 523,
      "rev": 10,
      "fields": {
        "System.AreaPath": "$ProjectName$\\Equipe Web",
        "System.TeamProject": "FormationLinkedIn",
        "System.IterationPath": "$ProjectName$\\Itération 1",
        "System.WorkItemType": "User Story",
        "System.State": "Active",
        "System.Reason": "Implementation started",
        "System.CreatedDate": "2020-11-27T10:19:17.793Z",
        "System.CreatedBy": "Hinault Donfack <hinault.donfack@outlook.fr>",
        "System.ChangedDate": "2020-11-28T14:34:54.437Z",
        "System.ChangedBy": "Hinault Donfack <hinault.donfack@outlook.fr>",
        "System.Title": "En tant qu'utilisateur, je veux m'authentifier avec mon compte Google afin d'accéder à l'application",
        "Microsoft.VSTS.Scheduling.Effort": 0.0,
        "System.Description": null,
        "System.AssignedTo": "Hinault Donfack <hinault.donfack@outlook.fr>",
        "Microsoft.VSTS.Scheduling.RemainingWork": 0.0,
        "Microsoft.VSTS.Common.Priority": 2.0,
        "System.BoardLane": null,
        "System.Tags": null,
        "Microsoft.VSTS.TCM.Steps": null,
        "Microsoft.VSTS.TCM.Parameters": null,
        "Microsoft.VSTS.TCM.LocalDataSource": null,
        "Microsoft.VSTS.TCM.AutomationStatus": null,
        "System.History": null
      },
      "relations": [
        {
          "rel": "System.LinkTypes.Hierarchy-Reverse",
          "url": "https://dev.azure.com/hinault/_apis/wit/workItems/516",
          "attributes": {
            "isLocked": "false",
            "name": "Parent"
          }
        },
        {
          "rel": "System.LinkTypes.Hierarchy-Forward",
          "url": "https://dev.azure.com/hinault/_apis/wit/workItems/538",
          "attributes": {
            "isLocked": "false",
            "name": "Child"
          }
        }
      ],
      "url": "https://dev.azure.com/hinault/_apis/wit/workItems/523"
    },
    {
      "id": 526,
      "rev": 2,
      "fields": {
        "System.AreaPath": "FormationLinkedIn",
        "System.TeamProject": "FormationLinkedIn",
        "System.IterationPath": "FormationLinkedIn",
        "System.WorkItemType": "User Story",
        "System.State": "New",
        "System.Reason": "New",
        "System.CreatedDate": "2020-11-27T10:27:51.343Z",
        "System.CreatedBy": "Hinault Donfack <hinault.donfack@outlook.fr>",
        "System.ChangedDate": "2020-11-28T14:12:43.977Z",
        "System.ChangedBy": "Hinault Donfack <hinault.donfack@outlook.fr>",
        "System.Title": "En tant qu'utilisateur, je veux m'authentifier avec mon compte Twitter afin d'accéder à l'application",
        "Microsoft.VSTS.Scheduling.Effort": 0.0,
        "System.Description": null,
        "System.AssignedTo": null,
        "Microsoft.VSTS.Scheduling.RemainingWork": 0.0,
        "Microsoft.VSTS.Common.Priority": 2.0,
        "System.BoardLane": null,
        "System.Tags": null,
        "Microsoft.VSTS.TCM.Steps": null,
        "Microsoft.VSTS.TCM.Parameters": null,
        "Microsoft.VSTS.TCM.LocalDataSource": null,
        "Microsoft.VSTS.TCM.AutomationStatus": null,
        "System.History": null
      },
      "relations": [
        {
          "rel": "System.LinkTypes.Hierarchy-Reverse",
          "url": "https://dev.azure.com/hinault/_apis/wit/workItems/516",
          "attributes": {
            "isLocked": "false",
            "name": "Parent"
          }
        }
      ],
      "url": "https://dev.azure.com/hinault/_apis/wit/workItems/526"
    },
    {
      "id": 528,
      "rev": 4,
      "fields": {
        "System.AreaPath": "$ProjectName$\\Equipe Web",
        "System.TeamProject": "FormationLinkedIn",
        "System.IterationPath": "FormationLinkedIn",
        "System.WorkItemType": "User Story",
        "System.State": "New",
        "System.Reason": "New",
        "System.CreatedDate": "2020-11-27T10:31:15.167Z",
        "System.CreatedBy": "Hinault Donfack <hinault.donfack@outlook.fr>",
        "System.ChangedDate": "2020-11-28T14:44:55.08Z",
        "System.ChangedBy": "Hinault Donfack <hinault.donfack@outlook.fr>",
        "System.Title": "En tant qu'utilisateur, je veux modifier mon profil utilisateur, afin de l'adapter à mes besoins",
        "Microsoft.VSTS.Scheduling.Effort": 0.0,
        "System.Description": null,
        "System.AssignedTo": null,
        "Microsoft.VSTS.Scheduling.RemainingWork": 0.0,
        "Microsoft.VSTS.Common.Priority": 2.0,
        "System.BoardLane": null,
        "System.Tags": null,
        "Microsoft.VSTS.TCM.Steps": null,
        "Microsoft.VSTS.TCM.Parameters": null,
        "Microsoft.VSTS.TCM.LocalDataSource": null,
        "Microsoft.VSTS.TCM.AutomationStatus": null,
        "System.History": null
      },
      "relations": [
        {
          "rel": "System.LinkTypes.Hierarchy-Reverse",
          "url": "https://dev.azure.com/hinault/_apis/wit/workItems/515",
          "attributes": {
            "isLocked": "false",
            "name": "Parent"
          }
        }
      ],
      "url": "https://dev.azure.com/hinault/_apis/wit/workItems/528"
    },
    {
      "id": 527,
      "rev": 5,
      "fields": {
        "System.AreaPath": "$ProjectName$\\Equipe Web",
        "System.TeamProject": "FormationLinkedIn",
        "System.IterationPath": "$ProjectName$\\Itération 2",
        "System.WorkItemType": "User Story",
        "System.State": "New",
        "System.Reason": "New",
        "System.CreatedDate": "2020-11-27T10:29:53.587Z",
        "System.CreatedBy": "Hinault Donfack <hinault.donfack@outlook.fr>",
        "System.ChangedDate": "2020-11-28T14:28:18.263Z",
        "System.ChangedBy": "Hinault Donfack <hinault.donfack@outlook.fr>",
        "System.Title": "En tant qu'utilisateur, je veux m'enregistrer, afin d'avoir un profil utilisateur",
        "Microsoft.VSTS.Scheduling.Effort": 0.0,
        "System.Description": null,
        "System.AssignedTo": null,
        "Microsoft.VSTS.Scheduling.RemainingWork": 0.0,
        "Microsoft.VSTS.Common.Priority": 2.0,
        "System.BoardLane": null,
        "System.Tags": null,
        "Microsoft.VSTS.TCM.Steps": null,
        "Microsoft.VSTS.TCM.Parameters": null,
        "Microsoft.VSTS.TCM.LocalDataSource": null,
        "Microsoft.VSTS.TCM.AutomationStatus": null,
        "System.History": null
      },
      "relations": [
        {
          "rel": "System.LinkTypes.Hierarchy-Reverse",
          "url": "https://dev.azure.com/hinault/_apis/wit/workItems/515",
          "attributes": {
            "isLocked": "false",
            "name": "Parent"
          }
        }
      ],
      "url": "https://dev.azure.com/hinault/_apis/wit/workItems/527"
    }
  ],
  "HttpStatusCode": 0,
  "Message": null
}